file,id
00001.jpg,29
00002.jpg,34
00003.jpg,29
00004.jpg,29
00005.jpg,34
00006.jpg,29
00007.jpg,34
00008.jpg,unLable
00009.jpg,unLable
00010.jpg,unLable
00011.jpg,unLable
00012.jpg,unLable
00013.jpg,unLable
00014.jpg,unLable
00015.jpg,unLable
00016.jpg,unLable
00017.jpg,unLable
00018.jpg,unLable
00019.jpg,unLable
00020.jpg,unLable
00021.jpg,unLable
00022.jpg,unLable
00023.jpg,unLable
00024.jpg,unLable
00025.jpg,unLable
00026.jpg,unLable
00027.jpg,unLable
00028.jpg,unLable
00029.jpg,unLable
00030.jpg,unLable
